chain_length,pop_size,total_time,min_memory,max_memory,max_memory_increment
16,1024,0.0012166500091552734,202.82421875,204.32421875,0.75
16,1024,0.0012631416320800781,198.6953125,198.6953125,0.0
