chain_length,total_time_mean,total_time_std,max_memory_increment_mean,max_memory_increment_std,min_memory_mean,min_memory_std,max_memory_mean,max_memory_std
16,26.183670637607573,1.0767138337438833,0.371875,0.2737135601409812,123.9554296875,1.8887120840608762,125.9001171875,1.6924795204288212
