chain_length,pop_size,total_time,min_memory,max_memory,max_memory_increment
16,4096,0.0046422481536865234,199.828125,204.37109375,2.5390625
16,4096,0.0042073726654052734,209.62109375,214.1640625,2.54296875
