chain_length,total_time_mean,total_time_std,max_memory_increment_mean,max_memory_increment_std,min_memory_mean,min_memory_std,max_memory_mean,max_memory_std
16,113.10703125953674,1.6877110823019454,0.823046875,0.6718822261107182,146.6303125,2.749234993617352,152.56109375,2.228743374720878
