chain_length,pop_size,total_time,min_memory,max_memory,max_memory_increment
16,2048,0.0041196346282958984,197.00390625,199.25390625,1.5
16,2048,0.002329111099243164,201.50390625,204.50390625,1.5
